username,state
VolatileMatter,Alabama
Bats6789,Alabama
karlsackett,Alabama
picklit,Alabama
JohnGalt149,Alabama
jamzth,Alabama
AlabamaWaterInstitute,Alabama
tecwizrd,Alabama
jacobhjustice,Alabama
djete,Alabama
stacey9329,Alabama
hf0002,Alabama
alexlipscomb,Alabama
beastman696969,Alabama
Ross-Leonard,Alabama
sbmckinney,Alabama
gregrickaby,Alabama
RNGKing,Alabama
adamsparker,Alabama
gabrielcardenasrodriguez,Alabama
JoshuaRogers,Alabama
vanillaicedlatte,Alabama
UAHEV,Alabama
MatthewMelo,Alabama
jyl0003,Alabama
theharveyguy,Alabama
hilaryca,Alabama
waynetanner,Alabama
scottpm,Alabama
sedavison619,Alabama
danielhstahl,Alabama
japalaci,Alabama
jacobclough,Alabama
btbright,Alabama
mwrouse,Alabama
ZacharyWyatt,Alabama
jburke46,Alabama
ryanlmelvin,Alabama
GregoryPhilmore,Alabama
Jytole,Alabama
Kcoop74,Alabama
thejaustin,Alabama
PrincessofdaSpookiest,Alabama
corkyrebirth,Alabama
libertycityrealtors,Alabama
radgeek,Alabama
riverwolf67,Alabama
serenity-networks,Alabama
randysingleton23,Alabama
amjohns1,Alabama
takurkowski,Alaska
sivadej,Alaska
cnelsonakgov,Alaska
anton-doiron,Alaska
BiFrost-Kurt,Alaska
tkerns,Alaska
reach-Feng,Alaska
zypher2ubes,Alaska
ripship,Alaska
wildbw,Alaska
nicholashasson,Alaska
raschenb,Alaska
adub-ak,Alaska
Cryomics-Lab,Alaska
BlueArrow4601,Alaska
rowart,Alaska
serbianneko,Alaska
LauraKarstens,Alaska
phillipwerly12,Alaska
northcreativedesign,Alaska
sdiegoopic,Alaska
pdenny,Alaska
regan-sarwas,Alaska
CaroRob,Alaska
MikeDelue,Alaska
mithrandir13,Alaska
kucheryavenkovn,Alaska
ua-banner,Alaska
CubanFireball81,Alaska
Rider1975,Alaska
NoahShultz,Alaska
syt321567,Alaska
la-mort-du-jour,Alaska
xXxReaper117xXx,Alaska
AlaskaPollock,Alaska
Cynder70,Alaska
Davidezrajay,Alaska
MWillging,Alaska
efrederickson,Alaska
Duke89,Alaska
dlbarnett80,Alaska
modernn,Alaska
zacharyperry24,Alaska
samuel-i-amuel,Alaska
itsgotim,Alaska
AlaskaBorg,Alaska
fiskeauxdev,Alaska
vamwell,Alaska
FIRSTLIONHEART,Alaska
dfine907,Alaska
n132,Arizona
EXELANCE-LLC,Arizona
briglx,Arizona
MadisonViaLux,Arizona
seawolff,Arizona
skshel123,Arizona
dkarakay,Arizona
crshnbrn66,Arizona
Thejas-1,Arizona
kwalcock,Arizona
edgilmore,Arizona
ninjaboy667,Arizona
juancaruizc,Arizona
chiefengineer,Arizona
shoddyshaman,Arizona
IAMtheIAM,Arizona
jacksonhvisuals,Arizona
Surya97,Arizona
monodop,Arizona
Lane-G-Smith,Arizona
Sergio81,Arizona
sekouperry,Arizona
AidenBow,Arizona
paulcalabro,Arizona
mkmanges,Arizona
breadstickguy,Arizona
CodingComrade,Arizona
brooksvb,Arizona
dreamvrutik,Arizona
robcasey,Arizona
hkimbrough22,Arizona
blrn,Arizona
dabbertorres,Arizona
trebisky,Arizona
josephrmartinez,Arizona
GokulVSD,Arizona
debsourav33,Arizona
eyz,Arizona
Cassiep1986,Arizona
mahfuzmohammad,Arizona
abbrev,Arizona
AuroransSolis,Arizona
chetzer-ncpa,Arizona
gauravdhiman,Arizona
Kimberlybree,Arizona
SaraMWillis,Arizona
KashCodes,Arizona
caoyuan0816,Arizona
vincentlaucsb,Arizona
Suttungr,Arizona
jmspikes,Arkansas
vialdi,Arkansas
canddx3,Arkansas
tylerbodway,Arkansas
i8degrees,Arkansas
cyrusbond,Arkansas
meghanbledsoe,Arkansas
divdat,Arkansas
comaldave,Arkansas
Helder1981,Arkansas
annaleeharris,Arkansas
giltnersolutions,Arkansas
hleete00,Arkansas
Mobo24,Arkansas
echarlesgrasby,Arkansas
D-W-Leaman,Arkansas
BeyondJ81,Arkansas
PatchC8,Arkansas
jeremycollins,Arkansas
adneal,Arkansas
Zachac,Arkansas
mriffey,Arkansas
KeeganWright,Arkansas
GradyTruitt,Arkansas
clinthopper,Arkansas
tylergoetz,Arkansas
MatthewPlemmons,Arkansas
SubZeroHeatingandAirConditioning,Arkansas
patrickclee0207,Arkansas
AANabholz,Arkansas
fan-plp,Arkansas
jessicabowen270,Arkansas
ejgoedek,Arkansas
Richard-Young,Arkansas
frederickmosbyjr,Arkansas
LWLOCKLEY,Arkansas
kminehart,Arkansas
f-o-w-l,Arkansas
benjamin6817,Arkansas
IAmJimCrossen,Arkansas
magykjames,Arkansas
Veronica-Kelly,Arkansas
pebble225,Arkansas
Sumedh0192,Arkansas
amminadabz,Arkansas
Kaito0597,Arkansas
Trackpaddin,Arkansas
sthomps-ns,Arkansas
sthornbu,Arkansas
RMER1971,Arkansas
coverdrive,California
RinniSwift,California
fabiomcosta,California
auguwu,California
zhm-real,California
byronknoll,California
Hua-Zhou,California
wongshington,California
eliben,California
facebookresearch,California
bbangert,California
infews,California
misingnoglic,California
iancovert,California
shahmishal,California
marcharper,California
hgschmie,California
sourabh2k15,California
andytlr,California
hrayrhar,California
jevois,California
linmx0130,California
andersy005,California
satnam6502,California
tgamblin,California
oxidecomputer,California
steviegt6,California
hhaakkimm,California
jeffrafter,California
xyfir,California
tylere,California
zhoubolei,California
0hq,California
joamatab,California
mkellydevv,California
jsimsa,California
odoe,California
aviaviavi,California
jckarter,California
bsvensson,California
jetsonhacks,California
31Carlton7,California
ydnar,California
jedp,California
mjohnsullivan,California
fortinetsolutions,California
danro,California
gitname,California
nraboy,California
seancorfield,California
Ryan-Biondo,Colorado
WardF,Colorado
comountainclimber,Colorado
danielglauser,Colorado
mkitt,Colorado
stevekinney,Colorado
AndrewKepson,Colorado
ebfull,Colorado
dlinch,Colorado
vkraucunas,Colorado
jtarchie,Colorado
GravityWolfNotAmused,Colorado
rockerest,Colorado
austintgriffith,Colorado
mgsloan,Colorado
jayzes,Colorado
searchspring,Colorado
drakenclimber,Colorado
joshuasecor,Colorado
lukeoxner,Colorado
nbauernfeind,Colorado
brendanlong,Colorado
Kristianmartinw,Colorado
Jongtelles,Colorado
sekharp,Colorado
domrafiti,Colorado
StephanieRuthJones,Colorado
gwaybio,Colorado
section-io,Colorado
chriskrycho,Colorado
zmunson85,Colorado
p5150j,Colorado
j16r,Colorado
ahorner,Colorado
sam-glad,Colorado
hyfyn,Colorado
TheQuinbox,Colorado
f11snipe,Colorado
striveforbest,Colorado
chpmnrssll,Colorado
Renniesb,Colorado
Oceanestars,Colorado
ssbcode,Colorado
jaskiratr,Colorado
catiecook,Colorado
Gerrit0,Colorado
Earlz,Colorado
leonardoeloy,Colorado
technicallyjosh,Colorado
rkoshak,Colorado
sinaghadermarzi,Connecticut
zeusrahl,Connecticut
oscalenghe,Connecticut
bborsari,Connecticut
craigralston,Connecticut
snikolayev,Connecticut
Emmaquinns,Connecticut
rsedge,Connecticut
MarkoGutierro2001,Connecticut
dishad,Connecticut
UConnSec,Connecticut
s1syphus,Connecticut
SuperNinjaEv,Connecticut
Jethro85,Connecticut
tjf801,Connecticut
bitgreg,Connecticut
savemeaspark,Connecticut
kenz67,Connecticut
J0V0,Connecticut
ortega361,Connecticut
kautuk-desai,Connecticut
coms,Connecticut
BraenaanV,Connecticut
Blake32p,Connecticut
Skezoo21,Connecticut
WillCallahan,Connecticut
lsl1ma,Connecticut
clverkuilen,Connecticut
RyanCheungJF,Connecticut
sophieforceno,Connecticut
wwliao,Connecticut
EvDenny,Connecticut
lyoder3,Connecticut
LugicalDev,Connecticut
bodenlos,Connecticut
theLemmonade,Connecticut
rmartin5,Connecticut
mpcaples,Connecticut
JovanMercado,Connecticut
dankamzik,Connecticut
DaveToth77,Connecticut
andrefaria24,Connecticut
alextwomey,Connecticut
nmendez4,Connecticut
tkininga,Connecticut
MiraThakkar,Connecticut
gkochera,Connecticut
waltoids,Connecticut
DerekCaelin,Connecticut
harvPrentiss,Connecticut
diloh,Delaware
ezotic,Delaware
finterla,Delaware
ralphgonz,Delaware
nimblenode,Delaware
vaishsr,Delaware
dhruvthanki,Delaware
CDDiagnostics,Delaware
natedtcc,Delaware
HACKER4LIFE709,Delaware
MariaCfromDE,Delaware
screagh,Delaware
Arcane52689,Delaware
eliwines19,Delaware
ConRyan01,Delaware
idonutk,Delaware
GettinDatFoShow,Delaware
dethompsowu,Delaware
SwapTC,Delaware
abrar71,Delaware
warthurton,Delaware
crissymiller2,Delaware
courtscash,Delaware
ashleymiller89,Delaware
zetatrace-com,Delaware
pratherb,Delaware
compchamp,Delaware
Sullisters,Delaware
jgeisler720,Delaware
SaStubbs,Delaware
White-Wood-LLC,Delaware
amakary,Delaware
sigmamint,Delaware
branjos,Delaware
chornbe,Delaware
spa542,Delaware
gvbeazy11,Delaware
mikel4xrist,Delaware
akplan,Delaware
kevingb,Delaware
calebewhite,Delaware
johnhimics,Delaware
MannyMb,Delaware
mvdheerik,Delaware
donomess,Delaware
Efuture-official,Delaware
mechneurolab,Delaware
socketkit,Delaware
hankchenphy,Delaware
CALL0WAY,Delaware
lloydpick,Florida
2kranki,Florida
JCameren,Florida
wjessup,Florida
Lin8x,Florida
Slackadays,Florida
JazzyLucas,Florida
zack6849,Florida
ainistaranda,Florida
RabeaWahab,Florida
erajasekar,Florida
BuckWoody,Florida
ta-cos,Florida
nickeyvee,Florida
carlotapearl,Florida
DevonJerothe,Florida
rambocoder,Florida
adamwiggall,Florida
peteralfonso,Florida
iam-peekay,Florida
dave-007,Florida
zacnomore,Florida
tabrindle,Florida
exejar,Florida
seabassjh,Florida
carldanley,Florida
jjiko,Florida
driverog,Florida
Atrophius,Florida
phemmer,Florida
Wolfee-J,Florida
sadasant,Florida
marvindore,Florida
mholtkamp,Florida
althepal78,Florida
heltonandreazza,Florida
angel1254mc,Florida
miner,Florida
Soben,Florida
MoralesJonathan,Florida
RWTreichel,Florida
johnjdailey,Florida
springframeworkguru,Florida
blueprintmrk,Florida
manvscode,Florida
alejandroklever,Florida
1samuel411,Florida
HeroRoku,Florida
BrimmingTeacup,Florida
michellebakels,Florida
nkryuchkov,Georgia
GiorgioMegrelli,Georgia
valeri879,Georgia
amirh3sam,Georgia
BeardedGinger,Georgia
nickylaczko,Georgia
secrary,Georgia
roalts,Georgia
MSBA-Career-Insights,Georgia
GreysonMainor,Georgia
kod4284,Georgia
The-Coca-Cola-Company,Georgia
mwlang,Georgia
weazyexe,Georgia
yandhi,Georgia
platonoff-dev,Georgia
laurenagra,Georgia
iseiaki,Georgia
Maksclub,Georgia
vitalyobukhov,Georgia
ekhosr,Georgia
lingquant,Georgia
lukinoo,Georgia
solilin,Georgia
grkek,Georgia
gmerabishvili,Georgia
bitcamp-ge,Georgia
masonmahaffey,Georgia
vizvamitra,Georgia
CB987,Georgia
GE-Developer,Georgia
lack21,Georgia
weekens,Georgia
tsankashvili,Georgia
Zarna0x,Georgia
okwinza,Georgia
sanyam5,Georgia
4esnog,Georgia
denis991,Georgia
kaxi1993,Georgia
Adrinlol,Georgia
uuganbold,Georgia
hdoupe,Georgia
ekagharibashvili,Georgia
lashab,Georgia
kwbock,Georgia
bumbeishvili,Georgia
tandav,Georgia
valkiara,Georgia
vishaltiwari,Georgia
powersparks,Hawaii
quietstay,Hawaii
Damien-Soliven,Hawaii
modomot001,Hawaii
shakacode,Hawaii
traviswademiller,Hawaii
khuang20,Hawaii
jackam,Hawaii
PITAXI,Hawaii
tbrown0139,Hawaii
DanPaguirigan,Hawaii
davidr808,Hawaii
jordanchang,Hawaii
konaendu,Hawaii
RickySimpson,Hawaii
Flubberhx,Hawaii
808BlockChain,Hawaii
ny2honolulu,Hawaii
vavenui,Hawaii
wtgee,Hawaii
darylalim,Hawaii
carlosparadis,Hawaii
summerelizabethball,Hawaii
orangeman555,Hawaii
peterdresslar,Hawaii
sjavella,Hawaii
sz16900,Hawaii
AlbertRich,Hawaii
heal33,Hawaii
howlowck,Hawaii
gayore,Hawaii
ibeginner,Hawaii
miccpalmer,Hawaii
derekasola,Hawaii
kndugan,Hawaii
xialu,Hawaii
zakitolabs,Hawaii
William-Liang808,Hawaii
50HJ,Hawaii
Robby-Gold,Hawaii
asyarb,Hawaii
jason2020,Hawaii
Save-Raja-Ampat-Foundation,Hawaii
cleoso,Hawaii
pprattsj,Hawaii
yiyixuxu,Hawaii
harc-maunawili,Hawaii
kneeki,Hawaii
AdamKane,Hawaii
kalenobr,Hawaii
micahjohnson150,Idaho
Sam-Gram,Idaho
benjaminkimble,Idaho
nathanoschmidt,Idaho
kadeprice,Idaho
nathan-roe,Idaho
lukesaundersdrift,Idaho
ThomIves,Idaho
BenKnigge,Idaho
alexthedev,Idaho
kristophercowley,Idaho
somu15,Idaho
djdarkbeat,Idaho
masali-hp,Idaho
deasterly,Idaho
josefK128,Idaho
shredtek,Idaho
ChristopherLujo,Idaho
BaroneX,Idaho
bryantb2,Idaho
GhostFromHeaven,Idaho
Alex91328,Idaho
patrickdlee,Idaho
golson2295,Idaho
arichens,Idaho
zach-adams,Idaho
yuujinkim,Idaho
nerdydragon,Idaho
foucachon,Idaho
miss-gale,Idaho
Eandrushenko,Idaho
codingforentrepreneurs,Idaho
AJVancattenburch,Idaho
hookswitch,Idaho
c1im4cu5,Idaho
recuero,Idaho
JTrader65,Idaho
kevinbentley,Idaho
Kelvashir,Idaho
RobIsAnxious,Idaho
missgemma415,Idaho
joedawalker,Idaho
nps-jeff,Idaho
arbotics-llc,Idaho
ZultaCulu,Idaho
padma-hash,Idaho
d-korus,Idaho
gibsonbailey,Idaho
TalanWeeks,Idaho
aedenmurray,Idaho
SDCore,Illinois
Andrew-Kulpa,Illinois
mcherry,Illinois
ishrakr,Illinois
SubramaniKrishna,Illinois
ankithm28,Illinois
IronManRust,Illinois
tjmaddenArgonne,Illinois
alanrkessler,Illinois
petercboss,Illinois
joshualin24,Illinois
coreyolson,Illinois
Brandon-Reichman,Illinois
Akmaral-mayer,Illinois
RedGuy12,Illinois
death2all110,Illinois
ZhaoTianPu,Illinois
Jebbss,Illinois
danboy,Illinois
Gomezzzer,Illinois
Chdata,Illinois
fredcy,Illinois
agoomar,Illinois
JRD971000,Illinois
CarlTBarnes,Illinois
zillesc,Illinois
BradBolander,Illinois
SMAPPER,Illinois
CooperNederhood,Illinois
safe-graph,Illinois
evcoats,Illinois
drmartin1998,Illinois
schuettc,Illinois
tfrank11,Illinois
bernlim93,Illinois
gl19,Illinois
jasonzissman,Illinois
chriswolfram,Illinois
howardcy,Illinois
jcoz00,Illinois
sudhanshugupta09,Illinois
benlamonica,Illinois
imbrian,Illinois
Nelson-Singleton,Illinois
lzheng21,Illinois
MarFan,Illinois
uditsharma14,Illinois
danielrugutt,Illinois
justinpowers,Illinois
muneebmemon,Illinois
AngelikaMB,Indiana
WestonHanners,Indiana
eddieroger,Indiana
eadnimri,Indiana
aryanghbd,Indiana
kcopen,Indiana
lmcalpin,Indiana
chrislacey89,Indiana
wiredprairie,Indiana
jacksonisiah,Indiana
xander1998,Indiana
jmillikan,Indiana
jbutz,Indiana
KennyStier,Indiana
Ashwed,Indiana
iprajwalreddy,Indiana
pgg1610,Indiana
ozgurozmen,Indiana
sashathomas,Indiana
kingfeast,Indiana
SirKells09,Indiana
gouldju1,Indiana
supunab,Indiana
legojrp,Indiana
dikim33,Indiana
sebastianjburman,Indiana
dsolodow,Indiana
ziansu,Indiana
MethkupalliVasanth,Indiana
TomK111,Indiana
bnawingler,Indiana
CHillAaron,Indiana
simonzhang00,Indiana
pallen0304,Indiana
joey1089,Indiana
cbenge509,Indiana
j-sripad,Indiana
phillity,Indiana
rshiggin,Indiana
kbav,Indiana
ryanbillingsley,Indiana
kar-dmp,Indiana
sbis9inL,Indiana
erj1,Indiana
apoland,Indiana
KaiyuanZh,Indiana
arocull,Indiana
rainman24rdp,Indiana
mikewarot,Indiana
tegorman13,Indiana
aaronpost,Iowa
joshuajcarson,Iowa
aaronhoffman,Iowa
chuseman,Iowa
Rob-bie,Iowa
tim-miller,Iowa
tvolchko,Iowa
broox,Iowa
icrobotics-team167,Iowa
saunak1994,Iowa
calphool,Iowa
cah-kyle-dunn,Iowa
jasonweibel,Iowa
murrant,Iowa
conzty01,Iowa
Rallph,Iowa
zachroberthirst,Iowa
ArtisticAbode,Iowa
ManningD24,Iowa
JWCook,Iowa
tlubke,Iowa
cotc167,Iowa
dillonricketts,Iowa
hammerly,Iowa
RossSickora,Iowa
leantechniques,Iowa
jeongbeom98,Iowa
mattpatterson,Iowa
UFGInsurance,Iowa
IyengarAtulya,Iowa
Jax-Carstensen,Iowa
vanmeterx,Iowa
AbeKline,Iowa
Janglybits,Iowa
cwaldron97,Iowa
beautyTruth,Iowa
vincehint,Iowa
jcmcclurg,Iowa
abdibedaso,Iowa
big2323,Iowa
isugif,Iowa
viinhpham,Iowa
jlauters,Iowa
Joecstarr,Iowa
johnsales,Iowa
joshmanders,Iowa
taylorjeanturner,Iowa
weinman,Iowa
jhamer90811,Iowa
Eyu-Tes,Iowa
eddynetweb,Kansas
seanberger,Kansas
morganweber,Kansas
jayhawks,Kansas
RachelWilSingh,Kansas
PlantG3,Kansas
smajda,Kansas
townpeterson,Kansas
pushkart2,Kansas
arjangupta,Kansas
personman,Kansas
trentschnee,Kansas
patrickjmcd,Kansas
PatrickGBecker,Kansas
willjohnsonio,Kansas
JosephMDavis,Kansas
connorkuehl,Kansas
pilgreen,Kansas
coryhouse,Kansas
leebrandt,Kansas
bspencer181,Kansas
joshix,Kansas
biakaworks,Kansas
penrods,Kansas
NathanQ,Kansas
VinceCarollo,Kansas
FrugalBoy,Kansas
davidnicol,Kansas
Monydragon,Kansas
ogrotten,Kansas
realdubb,Kansas
AnthonyRoss,Kansas
christobat12,Kansas
LukeHurd,Kansas
saifulAbu,Kansas
jaredready,Kansas
taylorwc,Kansas
NathanielInman,Kansas
lorischl-otter,Kansas
nick-esqueda,Kansas
danatcofo,Kansas
taylorflatt,Kansas
chaseaucoin,Kansas
joshcox,Kansas
brettwickham,Kansas
patrickhousley,Kansas
jhmcstanton,Kansas
Hyunsujk,Kansas
tboyd4,Kansas
chrisdrymon,Kansas
jfolsom,Kentucky
gek169,Kentucky
CrystalJewell,Kentucky
charliebellbusiness,Kentucky
aparrish22,Kentucky
eyeconictv,Kentucky
hamzaktk18,Kentucky
rafiadev11,Kentucky
Cdaws213,Kentucky
kkruger,Kentucky
adisib,Kentucky
cfshor01,Kentucky
GriffinMaxwell,Kentucky
JGentzel,Kentucky
AKRedden,Kentucky
creuzerm,Kentucky
Kaiine,Kentucky
bagofsocks,Kentucky
calimaree,Kentucky
djmorris71,Kentucky
iamankan,Kentucky
kgrier48,Kentucky
rtshilombo,Kentucky
mclark-titor,Kentucky
mosef,Kentucky
dennisgstein,Kentucky
reric88,Kentucky
FazaSPT,Kentucky
BrittineyWashington,Kentucky
Jake-Arnett,Kentucky
alexbeeler,Kentucky
troll-dev,Kentucky
existz,Kentucky
delfino,Kentucky
Eugenegeorge363,Kentucky
Randal79,Kentucky
Fullsailer,Kentucky
drewtallen,Kentucky
BroadDude,Kentucky
JustinTheFox,Kentucky
mikebryantky,Kentucky
deannamascle,Kentucky
TraNequaFauntleroy,Kentucky
joshstrange,Kentucky
m19anand,Kentucky
camdendotlol,Kentucky
QuinHagerty,Kentucky
Lexmark-napierk,Kentucky
CurbsidePickup,Kentucky
rderekp,Kentucky
cova-cc,Louisiana
mudpup,Louisiana
Danithomp26,Louisiana
embium,Louisiana
dreamdigitalimg,Louisiana
mhollier,Louisiana
timschwartz,Louisiana
Thoykongphongmany,Louisiana
MyOnlineJobs,Louisiana
Wonovan,Louisiana
Aurob,Louisiana
rhill13,Louisiana
hunterdoyle00,Louisiana
djmoore711,Louisiana
therealgill,Louisiana
mikeblakeney,Louisiana
Recondroner,Louisiana
bbgoree-usgs,Louisiana
drbenru,Louisiana
Bneezy92,Louisiana
PHOENIX21452,Louisiana
princess-sara,Louisiana
saideepak-kandibanda,Louisiana
ScottyS79,Louisiana
techris45,Louisiana
randyattradewinds,Louisiana
tcrame59289,Louisiana
erolli1,Louisiana
EarthCareGreenhouses,Louisiana
schimmelcoding,Louisiana
Zach-Duncan,Louisiana
mechanicaltrappy,Louisiana
JediKev,Louisiana
SINC123,Louisiana
TJGit11,Louisiana
45Landon,Louisiana
calebnelton,Louisiana
TheLetterTheta,Louisiana
alibiagent,Louisiana
rrandall91,Louisiana
LSBDCMonroe,Louisiana
jkidd1,Louisiana
Gage-Waguespack,Louisiana
manzur1990,Louisiana
slackintime,Louisiana
Space-Scape,Louisiana
jhgood,Louisiana
tsholdin,Louisiana
ethanelmer,Louisiana
KyleMach,Louisiana
4-Leafs-Code,Maine
OpenMaine,Maine
brentxphillips,Maine
meekjt,Maine
RpRoderick,Maine
CodeBando,Maine
JBuckley91,Maine
jssblngr,Maine
maxfelker,Maine
mackenzd,Maine
iamjoshfrank,Maine
Karlie-crypto,Maine
drjecker,Maine
rserwin1,Maine
gmfeinberg,Maine
maragnus,Maine
Bradleyfshepherd,Maine
ddunphy10,Maine
patracompany,Maine
quanphan2906,Maine
jake-emerson,Maine
tsubasamanda,Maine
juniper409,Maine
godez,Maine
seanedwards,Maine
nepenth,Maine
ChrisWeldon,Maine
dxu104,Maine
abow,Maine
HiTechChad,Maine
toddheasley,Maine
max-thompson-1,Maine
derekwheee,Maine
KevinKnightIDEXX,Maine
chvndlxrr,Maine
nmertaugh,Maine
stwslim83,Maine
selcant,Maine
BrentPierce,Maine
maineruby,Maine
tim-beynart-nbcuni,Maine
SmokeDawg92967,Maine
d3d3y3,Maine
jgagne74,Maine
mlabonte207,Maine
bm16ton,Maine
max-at-mednax,Maine
NicholasGeiser,Maine
FCap5,Maine
MichaelHabermas,Maine
nicholasmhughes,Maryland
KitFristo,Maryland
KshitijKarnawat,Maryland
AbduShukurBughra,Maryland
tarrell13,Maryland
kaydoh,Maryland
adrusi,Maryland
jshube2,Maryland
msharov,Maryland
mfailli,Maryland
brlcad,Maryland
craftdiamonds,Maryland
zirmite,Maryland
RaoufOsman,Maryland
Jobenland,Maryland
elizabeth8586,Maryland
yangcha,Maryland
ugwusomto,Maryland
yoowook1207,Maryland
mxk,Maryland
angst7,Maryland
nickgdam,Maryland
amanjaiman,Maryland
enriquecaballero,Maryland
asimonson1125,Maryland
jeff-vogt,Maryland
mikeverbeck,Maryland
foreverdream2,Maryland
elcruzo,Maryland
karanvivekbhargava,Maryland
pdx97,Maryland
rcasto,Maryland
mdavis95,Maryland
Khanejo,Maryland
amandotzip,Maryland
Nithin-GK,Maryland
ril3y,Maryland
jtstorck,Maryland
elizy88,Maryland
psantosiii,Maryland
lavendermistyco,Maryland
iwotastic,Maryland
keith5000,Maryland
maxwellb,Maryland
adybas,Maryland
howardjp,Maryland
fuaad001,Maryland
TarunApp,Maryland
emanbau,Maryland
mike-mcgann,Maryland
connorgr,Massachusetts
phillip9077,Massachusetts
ChasManRors,Massachusetts
tgb20,Massachusetts
bowrocker,Massachusetts
porscheyin,Massachusetts
danjarvis,Massachusetts
dano,Massachusetts
gzelle21,Massachusetts
zachcamara,Massachusetts
daniel-melanson,Massachusetts
Tiramisu-Compiler,Massachusetts
CraftingGamerTom,Massachusetts
LukeJYK,Massachusetts
pnkfelix,Massachusetts
jacksinn,Massachusetts
Deucedadorian,Massachusetts
rtre84,Massachusetts
BNHcoder,Massachusetts
kunalbotla,Massachusetts
brandonw,Massachusetts
TheRealchr1s,Massachusetts
avsa242,Massachusetts
hozier,Massachusetts
willbattel,Massachusetts
sbyrnes321,Massachusetts
ameya005,Massachusetts
CityOfBoston,Massachusetts
DennisFaucher,Massachusetts
node-ks,Massachusetts
Conary36,Massachusetts
Th3Nathan,Massachusetts
dgibb,Massachusetts
primon23,Massachusetts
seal9055,Massachusetts
prb112,Massachusetts
klutchdev,Massachusetts
spenceraxani,Massachusetts
Tanvish,Massachusetts
Rose-Zahra-Mohammadi,Massachusetts
bimbraw,Massachusetts
biobotanalytics,Massachusetts
ramsdell,Massachusetts
justin-capalbo,Massachusetts
scottwn,Massachusetts
kmhill242,Massachusetts
iniyannatarajan,Massachusetts
benrichards86,Massachusetts
stephencsmall,Massachusetts
wangpengmit,Massachusetts
mcansh,Michigan
umich-biostatistics,Michigan
Carlos-BoteroVargas,Michigan
med-merchise,Michigan
anthonym313,Michigan
alcool91,Michigan
deathbybandaid,Michigan
BackPacker777,Michigan
1upD,Michigan
utepe,Michigan
lenhatquang2512,Michigan
kattni,Michigan
balthisar,Michigan
morgajel,Michigan
sans-connaissance,Michigan
Bobev64,Michigan
dilloncooper15,Michigan
Amode718,Michigan
stendec,Michigan
jgeschwendt,Michigan
codingwithcn,Michigan
Nolan1324,Michigan
spuranam,Michigan
alademm,Michigan
Sanya1001,Michigan
neilhiddink,Michigan
jessijoke,Michigan
DJBarnes,Michigan
NuMellow,Michigan
phkahler,Michigan
codabrink,Michigan
wilsonjholmes,Michigan
ehofesmann,Michigan
jpierson,Michigan
kevin-helliwell,Michigan
brandonmartinez,Michigan
AlyssaSaez,Michigan
pnavarre2330,Michigan
elleobrien,Michigan
kbsymanz,Michigan
clintoncrick,Michigan
erunyon,Michigan
jrick,Michigan
ItsANoBrainer,Michigan
ElliotPhipps,Michigan
vpaliy,Michigan
ArifSohaib,Michigan
hojaeklee,Michigan
RobowilOFFICIAL,Michigan
philltran,Michigan
dgorton,Minnesota
ctharings,Minnesota
Hykudoru,Minnesota
maxwellolmen,Minnesota
rynop,Minnesota
ekajjj,Minnesota
NifleySnifley,Minnesota
phillipmerriman,Minnesota
athaeryn,Minnesota
pjirsa,Minnesota
aar0np,Minnesota
arlosi,Minnesota
anAgent,Minnesota
lisaschoofs,Minnesota
jonjaques,Minnesota
EmotionalLove,Minnesota
jesselang,Minnesota
JasonRowe,Minnesota
chriswgerber,Minnesota
lizzybruder13,Minnesota
brownish,Minnesota
PlantDaddy,Minnesota
oyww710,Minnesota
korchard,Minnesota
jraysajulga,Minnesota
ChiquitaV2,Minnesota
kholloway,Minnesota
wcchristian,Minnesota
bmperrea,Minnesota
efbautista,Minnesota
morquan,Minnesota
judedaryl,Minnesota
seibar,Minnesota
EricJamesOsowski,Minnesota
TheGreenMachine,Minnesota
iamdanhenry,Minnesota
grantstromgren,Minnesota
isaacaj,Minnesota
p3dstore,Minnesota
thejohnsmith,Minnesota
klpatil,Minnesota
alanbaumgartner,Minnesota
flag0010,Minnesota
nickplucker,Minnesota
Knuts839,Minnesota
roszenil,Minnesota
mattbk,Minnesota
parkererickson,Minnesota
TheBerkin,Minnesota
having11,Minnesota
csecht,Mississippi
kenholm3,Mississippi
bones1078,Mississippi
blakek,Mississippi
1-601,Mississippi
jperkinsdev,Mississippi
Jarod725,Mississippi
leftfoot304,Mississippi
meganchrist,Mississippi
pauljfranklin,Mississippi
bartmason1972,Mississippi
okratitan,Mississippi
sjbrewer,Mississippi
chandlerseaman,Mississippi
jonathon-evans,Mississippi
joshuacruse,Mississippi
freefreeno,Mississippi
Berret,Mississippi
indieformatter,Mississippi
msufilip,Mississippi
Nicolaslee43,Mississippi
agatlin,Mississippi
MajorJCo,Mississippi
stephenggill,Mississippi
Ne0nGenisis,Mississippi
jvaug30,Mississippi
daleeoh,Mississippi
Babydollll,Mississippi
mfpaccount,Mississippi
vishoTheEver,Mississippi
swmpkim,Mississippi
huiwilliamwang,Mississippi
ShriBanana,Mississippi
RetroLinuxSYS,Mississippi
HELLYEAH39,Mississippi
sydekix,Mississippi
Redcon-one,Mississippi
AAWReiken,Mississippi
Rimann91,Missouri
JDOrange,Missouri
hjared10,Missouri
jn04137,Missouri
micahhainline,Missouri
lalonder,Missouri
sonndinh,Missouri
amorehead,Missouri
cinnabinch,Missouri
thehabes,Missouri
claytonkreisel,Missouri
taylor75,Missouri
dh-agarwal,Missouri
gmhz7b,Missouri
StormFX,Missouri
piboistudios,Missouri
mikewyattdesign,Missouri
TechRancher,Missouri
stgk4,Missouri
darkrevelations,Missouri
avinashtangudu,Missouri
NoNoseYaKnow,Missouri
tydonelson,Missouri
timholy,Missouri
JamesB2018,Missouri
hkhawaja3,Missouri
tayler6000,Missouri
jaredtbates,Missouri
nixnull,Missouri
nicseltzer,Missouri
hennessb,Missouri
DannyMassa,Missouri
realAngryAnalytics,Missouri
joeheintz45,Missouri
jusbuc2k,Missouri
chutch1122,Missouri
michaelsbradleyjr,Missouri
austin-s,Missouri
jalexhurt,Missouri
rjdbcm,Missouri
twthomas,Missouri
ripankundu,Missouri
jsiems,Missouri
chrisevans9629,Missouri
andyflesner,Missouri
Diorik,Missouri
smithandrewl,Missouri
mnuber,Missouri
frecklebit,Missouri
nsumma147,Missouri
odlrunner,Montana
loatcircleci,Montana
koos-burgoyne,Montana
myvillagellc,Montana
iamivanmihaylov,Montana
wesmartinonx,Montana
PoehlerMJ,Montana
Olive-Fire,Montana
WillAugustine,Montana
zwadhams,Montana
rhodadesignstudio,Montana
jamesridle-freewill,Montana
hackercats-club,Montana
patrickfoconnor,Montana
safmt,Montana
sshort1955,Montana
bozemanpass,Montana
mprorock,Montana
ToaSD,Montana
Ceci2003,Montana
andrew-gross,Montana
gozargozarian,Montana
hsrobinson,Montana
jason-cech,Montana
VelinP,Montana
jenntress,Montana
Wren5746,Montana
BznJC,Montana
rutmoe,Montana
matteobjornsson,Montana
RockCreekStudios,Montana
javietanh,Montana
gecko-designs,Montana
allanglen,Montana
D-Fink,Montana
ASUMRenterCenter,Montana
Pichetten,Montana
RichardDooling,Montana
Gamer9822,Montana
gesker,Montana
nender,Montana
jfgodfrey,Montana
fishjd,Montana
AI723-elijah,Montana
j-griffith,Montana
catbutterfield,Montana
montanaprogrammer,Montana
manualgalaxy,Montana
bznbrian,Montana
daylinscott,Montana
bjcooper,Nebraska
drico7,Nebraska
rspierre34,Nebraska
clarkallen1970,Nebraska
rock122,Nebraska
waseemhussain2,Nebraska
omnipointment,Nebraska
arber-salihu,Nebraska
sathomps,Nebraska
huntercodes,Nebraska
haredog,Nebraska
CroV2,Nebraska
bradyse,Nebraska
sunandinis,Nebraska
boombatower,Nebraska
JesC87,Nebraska
BD-RCWALKER,Nebraska
melonysmith,Nebraska
croseno,Nebraska
Cheeli99,Nebraska
rhasib,Nebraska
blake-sa,Nebraska
fyiio,Nebraska
LyndonGriffith,Nebraska
go2guy,Nebraska
ngschneider,Nebraska
BrainMonkey,Nebraska
radoncdoc07,Nebraska
fortunecookiezen,Nebraska
ShyftSolutions,Nebraska
jeffwnelson,Nebraska
deanapeterson,Nebraska
csgactuarial,Nebraska
steffenj-moodys,Nebraska
rdchris,Nebraska
zion,Nebraska
Omar576,Nebraska
monishvster,Nebraska
jack-herman,Nebraska
thanhsr,Nebraska
imnotamember,Nebraska
cellcollective,Nebraska
gffmx,Nebraska
DustinEWright,Nebraska
mikehinesheartlandcoop,Nebraska
jonimms,Nebraska
CarterBrehm,Nebraska
BaseballJim,Nebraska
tmart2322,Nebraska
pillar-ci,Nebraska
khall,Nevada
ramu6390,Nevada
kc2coast,Nevada
jessnyj,Nevada
sharmadigitalsolutions,Nevada
joefidler,Nevada
roadrunner-boop,Nevada
rcsalmon,Nevada
Yuniboy,Nevada
m-coding,Nevada
kspaulding,Nevada
danielclough,Nevada
TheFeelTrain,Nevada
noelnoche,Nevada
kcbrier,Nevada
wargenng,Nevada
yourbizsolutions,Nevada
daveaugustine,Nevada
SunilSangaraju,Nevada
cainlucastapp,Nevada
DevboiDesigns,Nevada
Mapper3d,Nevada
bpluscDev,Nevada
dmh2000,Nevada
rictandag,Nevada
WhtDvl,Nevada
JLudwigM,Nevada
CodingVegas,Nevada
Xboarder56,Nevada
rkslkk,Nevada
mpiatkivskij,Nevada
smedellin90,Nevada
KareemKhamis,Nevada
hcortezr,Nevada
ggcostoya,Nevada
ginaperano,Nevada
KingJordan152,Nevada
jesserbeth,Nevada
allmajohnson,Nevada
dlcsoup51,Nevada
kohlerpg,Nevada
aminul-huq,Nevada
legacycultivated,Nevada
cwcorella-git,Nevada
djR3FL3KT,Nevada
shitbywhit,Nevada
a-drain,Nevada
zCubed3,Nevada
tjreinhardt,Nevada
devoncowherd,Nevada
CollinReeser,New Hampshire
mikelangley,New Hampshire
pujolsmvp2005,New Hampshire
AmbiguousMonk,New Hampshire
aantosca,New Hampshire
jonchardy,New Hampshire
Nathan-Langione,New Hampshire
oldschoolvalue,New Hampshire
coreqan,New Hampshire
nkwade,New Hampshire
segwyne,New Hampshire
markurquhart,New Hampshire
nicolettept,New Hampshire
amandanewton,New Hampshire
TAGEMultimedia,New Hampshire
danmanrique,New Hampshire
aancjr,New Hampshire
jkoutavas,New Hampshire
racollette,New Hampshire
brianfoley81,New Hampshire
thecherrytree,New Hampshire
dfoxfranke,New Hampshire
byshomusic,New Hampshire
MikeeCole,New Hampshire
christophersmith262,New Hampshire
puckettgw,New Hampshire
ExProbitasFiducia,New Hampshire
nexeh,New Hampshire
frasieroh,New Hampshire
bnordemo,New Hampshire
bingemi,New Hampshire
ryanTscheibert,New Hampshire
ryancarroll,New Hampshire
chipski,New Hampshire
Isuru657,New Hampshire
hambletor,New Hampshire
RCall87,New Hampshire
Tobeymanning,New Hampshire
shadowvampire33,New Hampshire
yourwildworld,New Hampshire
MaddLimaBean,New Hampshire
rmsrnmj,New Hampshire
ABJohnson395,New Hampshire
UNH-Robotics,New Hampshire
shub-bioinfo,New Hampshire
sau70networkadmin,New Hampshire
scottgeleas,New Hampshire
SlavikPlamadyala,New Hampshire
Raidienaty,New Hampshire
SnehaKellogg,New Hampshire
TedGoas,New Jersey
bradsimpson213,New Jersey
dragthor,New Jersey
Mandelliant,New Jersey
gabidavila,New Jersey
Talip88,New Jersey
asbudhkar,New Jersey
yoshizzle,New Jersey
virjog,New Jersey
nickman,New Jersey
GalladeGuy,New Jersey
scott2449,New Jersey
dmnapolitano,New Jersey
cavitkeskin,New Jersey
rangyabines,New Jersey
tariqshaikh,New Jersey
AnshBhatti,New Jersey
Dheirya,New Jersey
ravikailash,New Jersey
christopher-nemeth,New Jersey
williamyurkow,New Jersey
1092772959,New Jersey
sgalarza419,New Jersey
tspannhw,New Jersey
graboskyc,New Jersey
JGrubb,New Jersey
lisa1704,New Jersey
chet-ensign,New Jersey
citp,New Jersey
tlimoncelli,New Jersey
Djphoenix719,New Jersey
Twprcntmlk,New Jersey
emailnjv,New Jersey
thomasmcgee,New Jersey
hejeong,New Jersey
bchung014,New Jersey
marvelman3284,New Jersey
aleem-ahmed,New Jersey
milosamec,New Jersey
pshapiro,New Jersey
Kevin-Jin,New Jersey
enyasantiago,New Jersey
NickAlicaya,New Jersey
coreyman11,New Jersey
brucewilson1103,New Jersey
lparsons,New Jersey
dblack,New Jersey
maurya512,New Jersey
sqlcipher,New Jersey
ZachGrossi,New Jersey
BinduLogic,New Mexico
tauterra,New Mexico
nerdyparadise,New Mexico
kmarkovich-intera,New Mexico
billythekid,New Mexico
jjklemm,New Mexico
psmythTPL,New Mexico
ThunderDogs5613,New Mexico
TaraDesoto,New Mexico
mohammadryousefi,New Mexico
johncousins,New Mexico
NetworkBoj,New Mexico
thewildestWill,New Mexico
watercolorstudio,New Mexico
LadiesChris,New Mexico
buzzny,New Mexico
veganna,New Mexico
Gearoid01,New Mexico
soilsecrets,New Mexico
softwaremom00,New Mexico
yar1vn,New Mexico
hwhalse,New Mexico
omarwooten,New Mexico
SepehrJML,New Mexico
Pal-Wrtites,New Mexico
callmesabs,New Mexico
garlinpaul59,New Mexico
jrodri09-ai,New Mexico
PainScan,New Mexico
ccoffrin,New Mexico
LuquinhasBonito,New Mexico
kaitlinlha,New Mexico
bonedog32,New Mexico
rrdrake,New Mexico
CUP-ECS,New Mexico
jldunnum,New Mexico
DerrickRocha,New Mexico
bluegizmo83,New Mexico
samuelkgutierrez,New Mexico
ChrisOwens505,New Mexico
mshakya,New Mexico
otacsum,New Mexico
Jeremiah895,New Mexico
spakin,New Mexico
cwillsey06,New Mexico
leina-gries,New Mexico
JohnWBriggs,New Mexico
Spacialness,New Mexico
LosAlamosAl,New Mexico
ElectricPlayhouse,New Mexico
jfeinstein10,New York
mwunsch,New York
jamesgolick,New York
srinitude,New York
etaldot,New York
eigenfoo,New York
ashkamath,New York
longlho,New York
Super-Protocol,New York
VastoLorde95,New York
kb22,New York
xychelsea,New York
jmoiron,New York
chootka,New York
alxyang,New York
skellet0r,New York
amontalenti,New York
kumpera,New York
sgharms,New York
n4ru,New York
sxywu,New York
blais,New York
amallia,New York
mohsen1,New York
domhofmann,New York
binarylogic,New York
slact,New York
runasand,New York
wq2012,New York
malgorithms,New York
davidbarsky,New York
hydrosquall,New York
jaredlander,New York
aboutsecurity,New York
jonkrohn,New York
robertmesserle,New York
moyix,New York
VictorSanh,New York
qian256,New York
jaanli,New York
joeycastillo,New York
algoquant,New York
katiehockman,New York
Jigsaw-Code,New York
andrewgordonwilson,New York
Julian,New York
alessbell,New York
krzemienski,New York
zachfeldman,New York
rviscomi,New York
usaussie,North Carolina
maxlingenfelter,North Carolina
irongaze,North Carolina
bubbafat,North Carolina
kylebeggs,North Carolina
larkmullins,North Carolina
DrPepperG,North Carolina
jdonenine,North Carolina
smultar,North Carolina
Koderz,North Carolina
lucillesherman,North Carolina
rjschwei,North Carolina
griffinsockwell,North Carolina
HeyM1ke,North Carolina
dubee,North Carolina
0x0dea,North Carolina
RobertHerhold,North Carolina
pbzona,North Carolina
jfmartinez,North Carolina
DrGMC1,North Carolina
botechat,North Carolina
Dandy5721,North Carolina
guyyatsu,North Carolina
QBTreyyy,North Carolina
kirankotari,North Carolina
coditect,North Carolina
smakela13,North Carolina
austinkelleher,North Carolina
jgcorliss,North Carolina
rspeele,North Carolina
CameronTwiggs,North Carolina
cavaliercoder,North Carolina
mmmmmmassssonnn,North Carolina
KontrollFreek,North Carolina
wilson-ben,North Carolina
jasongill,North Carolina
Iapetus-11,North Carolina
vertyco,North Carolina
MathieuandSpheroidalWaveFunctions,North Carolina
m4thfr34k,North Carolina
AnthonyConnell,North Carolina
kowen-rh,North Carolina
leeformento,North Carolina
billfreeman44,North Carolina
mattm,North Carolina
Arvindprksh,North Carolina
duncangw1,North Carolina
SIG7Pro,North Carolina
jasarole,North Carolina
Pratt0923,North Carolina
cgergen,North Dakota
ds-real,North Dakota
csf44033,North Dakota
camshaft93,North Dakota
MStimpson,North Dakota
benjaminfaul,North Dakota
i-am-grub,North Dakota
paul-fsl,North Dakota
Curtishub,North Dakota
HorningGit,North Dakota
IntelligentInSites,North Dakota
johnny13,North Dakota
gfxden,North Dakota
JCariveau,North Dakota
kellingsenACI,North Dakota
andrew-block,North Dakota
nkasco,Ohio
Jtmccutcheon,Ohio
saracope,Ohio
AjayGanesh02,Ohio
JesseRWeigel,Ohio
connervieira,Ohio
stephaniegandy,Ohio
zschro,Ohio
trustedsec,Ohio
pujols,Ohio
Dean110,Ohio
nicetransition,Ohio
Coop56,Ohio
ikramsalim,Ohio
kweic,Ohio
j-brenneman,Ohio
ravi-annaswamy,Ohio
pkb94,Ohio
billkindle,Ohio
mikelietz,Ohio
Josh-XT,Ohio
thefivetoes,Ohio
Nathaniel-Haines,Ohio
htmlfriend,Ohio
mpanetta,Ohio
seangwright,Ohio
AadamZ5,Ohio
devonproudfoot,Ohio
sziccardi1998,Ohio
ASzampiasSWD,Ohio
atrus6,Ohio
maestrith,Ohio
ccannon94,Ohio
william-lawrence,Ohio
webnard,Ohio
green-arrow,Ohio
stollcri,Ohio
pariosa,Ohio
pavankumarpolavarapu,Ohio
tjhillard,Ohio
adamjbrennan,Ohio
hillsoftware,Ohio
ryanrapini,Ohio
McManning,Ohio
kennyLtv,Ohio
MrDucxy,Ohio
Oisota,Ohio
vintaclectic,Ohio
kaseycolian,Ohio
pcutting,Ohio
harshaldk,Oklahoma
InternetMedicineMan,Oklahoma
DHepworth,Oklahoma
heathology,Oklahoma
mctelinde,Oklahoma
kaykay1424,Oklahoma
EFJoseph,Oklahoma
Graphettion,Oklahoma
jturmel,Oklahoma
oaflopean,Oklahoma
MooersLab,Oklahoma
mattkrafft,Oklahoma
woody34,Oklahoma
gumquat,Oklahoma
elima-iii,Oklahoma
mattmilburn,Oklahoma
matthewreily,Oklahoma
plamb,Oklahoma
Michael2-3B,Oklahoma
cortezbryan39,Oklahoma
levijmason,Oklahoma
cdorst,Oklahoma
flash-fire,Oklahoma
wuspy,Oklahoma
ethanimooney,Oklahoma
Russ4262,Oklahoma
bluegene92,Oklahoma
prsimp,Oklahoma
OuhscBbmc,Oklahoma
austinav,Oklahoma
kjburns,Oklahoma
rohitcd,Oklahoma
emekoi,Oklahoma
JosephAMumford,Oklahoma
okjedi,Oklahoma
thegreenhundred,Oklahoma
tmancino,Oklahoma
sbrowne15,Oklahoma
Freshrybread,Oklahoma
aemolinas,Oklahoma
maggardJosh,Oklahoma
ProgramMeThis,Oklahoma
BrandonDyer64,Oklahoma
Hhoang-create,Oklahoma
liveyourheart,Oklahoma
WillClaudeHolmes,Oklahoma
AWHNathan,Oklahoma
tylernford,Oklahoma
thecodechef,Oklahoma
robertrowe1013,Oklahoma
lyramakesmusic,Oregon
TylerTheFox,Oregon
oresat,Oregon
pangtodd,Oregon
rloos289,Oregon
alexvision26,Oregon
levibrown,Oregon
aminullah6264,Oregon
BrokenShell,Oregon
jIrwinCline,Oregon
captainbarbosa,Oregon
bstabler,Oregon
dylanmc,Oregon
erth64net,Oregon
vietqhoang,Oregon
sullis,Oregon
kenhowardpdx,Oregon
StephenJayYoung,Oregon
dbennin125,Oregon
mollieboots,Oregon
jaredfolkins,Oregon
galeep,Oregon
cloudzombie,Oregon
cassaundra,Oregon
spheromak,Oregon
adamburns7933,Oregon
bijukunjummen,Oregon
envincebal,Oregon
PolySync,Oregon
bentomas,Oregon
mikerourke,Oregon
AndyLavr,Oregon
KorvinSzanto,Oregon
lacyjpr,Oregon
jeffdoolittle,Oregon
keegoid,Oregon
aled1027,Oregon
neilnorthrop,Oregon
izotope115,Oregon
jbrandeb,Oregon
jshackles,Oregon
jyee,Oregon
zivvers,Oregon
pwnlandia,Oregon
TylerConlee,Oregon
matthewreagan,Oregon
SLPeoples,Oregon
RagingRoosevelt,Oregon
bkayser,Oregon
ProfBird,Oregon
MrCodeWeaver,Pennsylvania
electrodude,Pennsylvania
garrison,Pennsylvania
LuvForAirplanes,Pennsylvania
jp-king-1337,Pennsylvania
johnpitts,Pennsylvania
theprangnetwork,Pennsylvania
Yuriy-AP,Pennsylvania
mynameisevan3,Pennsylvania
tlongstretch,Pennsylvania
ThatShawGuy,Pennsylvania
Helvio88,Pennsylvania
johnatjr,Pennsylvania
barefootdeveloper,Pennsylvania
99leonchang,Pennsylvania
ZeeanVeljee,Pennsylvania
JaredBartynski,Pennsylvania
agelosk,Pennsylvania
Austin-Caldwell,Pennsylvania
JeffreyMarvin,Pennsylvania
Anthony-Lupo,Pennsylvania
alvinashcraft,Pennsylvania
azizsarrani,Pennsylvania
ohlincik,Pennsylvania
tlavastida,Pennsylvania
eksortso,Pennsylvania
Human,Pennsylvania
ozzhates,Pennsylvania
slackstone,Pennsylvania
pdnelson,Pennsylvania
CrashCringle12,Pennsylvania
Clipboard-Karl,Pennsylvania
gkazan,Pennsylvania
mat-afk,Pennsylvania
K-Francis-H,Pennsylvania
Tylerman90,Pennsylvania
noorbuchi,Pennsylvania
mlanza,Pennsylvania
rizkybiz,Pennsylvania
BlakeScala,Pennsylvania
sxmrxzxr,Pennsylvania
pejalo,Pennsylvania
cja12,Pennsylvania
dafanghe,Pennsylvania
cosmastech,Pennsylvania
geoff-pitman,Pennsylvania
needmorecowbell,Pennsylvania
JTF195,Pennsylvania
amayer5125,Pennsylvania
MatthewSerre,Pennsylvania
ThiccRed,Rhode Island
dSowers,Rhode Island
casino-yes-or-no,Rhode Island
mpiannucci,Rhode Island
kwilcox,Rhode Island
cassiusbeep,Rhode Island
benedictquartey,Rhode Island
goodriddanceworld,Rhode Island
jayr0d,Rhode Island
TaoYuanJoel,Rhode Island
hotsauce86,Rhode Island
Brandon-George,Rhode Island
ChelseaTolnai,Rhode Island
cgmason,Rhode Island
sudarshan-s-harithas,Rhode Island
speakyourmind,Rhode Island
thepolicylab,Rhode Island
Bouloute,Rhode Island
mjgrimmer,Rhode Island
HaymanThabet,Rhode Island
jdefedele,Rhode Island
jaygotra,Rhode Island
paul-sorensen,Rhode Island
iarla,Rhode Island
developerzach,Rhode Island
jmeunier28,Rhode Island
saundej2,Rhode Island
txmtxm,Rhode Island
Rteest,Rhode Island
nolan887,Rhode Island
lauraglastra,Rhode Island
BifrostTitan,Rhode Island
KenDB3,Rhode Island
IndraniMandal,Rhode Island
skeptikos,Rhode Island
liquidnonsense,Rhode Island
johelvisguzman,Rhode Island
drewballini,Rhode Island
austinhumphries,Rhode Island
WillyAcosta,Rhode Island
HighBeautiful,Rhode Island
ptfreeman,Rhode Island
munchism,Rhode Island
musikito,Rhode Island
calves06,Rhode Island
cherylngql,Rhode Island
sarlaccpit,Rhode Island
itsjamesre,Rhode Island
LucasSchroeder,Rhode Island
calves2,Rhode Island
lvcoulter,South Carolina
MchaseCov,South Carolina
Clean-Coastal-Living-of-Bluffton,South Carolina
robby-barton,South Carolina
RyanDale,South Carolina
benjaminfvaughn,South Carolina
AzianEquation,South Carolina
BTRLabs,South Carolina
jeffboeh,South Carolina
DonMiller9294,South Carolina
eranduur,South Carolina
siostech,South Carolina
clark116,South Carolina
wakevro,South Carolina
Martin-Rose,South Carolina
Hmay61,South Carolina
chrispotter,South Carolina
SurfsideGraphics,South Carolina
neteng22,South Carolina
ejblom55,South Carolina
bknaylor,South Carolina
lina-roth,South Carolina
toasty2436,South Carolina
kawald,South Carolina
cten,South Carolina
rwagner00,South Carolina
ramonaspence,South Carolina
MadClips,South Carolina
FeaturedSpace,South Carolina
wt08,South Carolina
GCJ2,South Carolina
ianpoynter,South Carolina
CharlesWebbMBA,South Carolina
mark-a-durham-at-aveva,South Carolina
dblankenship79,South Carolina
ryrodriguez25,South Carolina
boulwabd,South Carolina
DJKerr,South Carolina
Ra1818,South Carolina
Djeter2012,South Carolina
brambow,South Carolina
iamclaytonray,South Carolina
pattersone,South Carolina
Roger-Taylor-01101000-01101101-01100101,South Carolina
GalenCasstevens,South Carolina
ErikaHamilton,South Carolina
TommyZwick,South Carolina
ironthunder56,South Carolina
chawthorne02,South Carolina
MightyChubz,South Carolina
leothelocust,South Dakota
kc7gdu,South Dakota
ry664,South Dakota
IPEMS,South Dakota
JimmyLee3228,South Dakota
mdmahiuddin,South Dakota
Etriz,South Dakota
lukerossie,South Dakota
thancock14,South Dakota
blindfallspublications,South Dakota
AndrewIsDank,South Dakota
spicydll,South Dakota
Quagmirekill,South Dakota
anbaramir,South Dakota
SaiMadhav9494,South Dakota
grinny04,South Dakota
hubrod01,South Dakota
JPROSP8,South Dakota
oahe-tech,South Dakota
okwhosyourdaddy,South Dakota
thlazarus,South Dakota
macderrs,Tennessee
Technotechbloggie9,Tennessee
robobenklein,Tennessee
Jmarquez8951,Tennessee
molinarikris,Tennessee
VandySatelliteClub,Tennessee
geraldfingburke,Tennessee
GportDev,Tennessee
kfullzz,Tennessee
teigrgwyn,Tennessee
crystal-project-inc,Tennessee
J90Edwards,Tennessee
richlagunn,Tennessee
asagraves,Tennessee
marlinmayo27,Tennessee
mickythompson,Tennessee
Masonface,Tennessee
allraec,Tennessee
dannymalvarez,Tennessee
Dragon3766,Tennessee
cruizg93,Tennessee
lukemlawley,Tennessee
thatknoxtech,Tennessee
ttaylor14,Tennessee
smartwoman86,Tennessee
agachupin,Tennessee
dirtwaterfox,Tennessee
stmobo,Tennessee
matthew-sinn,Tennessee
codejinga,Tennessee
mackenly,Tennessee
MikeMatvy,Tennessee
alexnordhoff,Tennessee
PeanutTheAdmin,Tennessee
EvasivePangolin,Tennessee
rwrouse,Tennessee
anniid,Tennessee
Firav,Tennessee
jonathanhayes,Tennessee
ianlee74,Tennessee
jordandadams,Tennessee
jeffdod,Tennessee
MarkMartinDOE,Tennessee
airpants,Tennessee
ericbusby,Tennessee
bculler17,Tennessee
ZaneWesley,Tennessee
JohnWP8253,Tennessee
resmondoa,Tennessee
JoshMock,Tennessee
ZeeLivermorium,Texas
awernick,Texas
aguerrero232,Texas
gdevic,Texas
Botspot,Texas
MarkMoretto,Texas
eponvert,Texas
Khazius,Texas
jasikpark,Texas
Tursko,Texas
johannaRlee,Texas
jakierice,Texas
ryantkasher,Texas
Lewdcario,Texas
instaviewer,Texas
Vicman2,Texas
witoff,Texas
linyiru,Texas
fritzsedlazeck,Texas
lindakatcodes,Texas
mattatcha,Texas
cirne,Texas
Jarvis1010,Texas
NotJoeMartinez,Texas
rtgibbons,Texas
craigsmitham,Texas
MathiNarayan,Texas
cbg119,Texas
00ff1a,Texas
mosesintech,Texas
edolnx,Texas
ATechAdventurer,Texas
joshuaswarren,Texas
zds97,Texas
bovine,Texas
ryanries,Texas
hari-sikchi,Texas
Jasonpiz,Texas
seejamescode,Texas
jgndev,Texas
brynbellomy,Texas
AmandaZou,Texas
Avi-D-coder,Texas
cybergoatpsyops,Texas
MrMagma,Texas
divelab,Texas
baeddavid,Texas
anushkaparadkar,Texas
rslavin,Texas
Robin5605,Texas
danclegg,Utah
Yeaseen,Utah
jacobdolph,Utah
mexvance,Utah
aarobc,Utah
MR-TYLER31,Utah
hoodoo-digital,Utah
atomicfi,Utah
JackXN,Utah
trm36,Utah
JustinAiken,Utah
codingLogan,Utah
lolp1,Utah
AveryMDav,Utah
aleccaputo,Utah
brandonharris177,Utah
JWock82,Utah
rlittlefield,Utah
g23guy,Utah
cwadrupldijjit,Utah
Traviskn,Utah
redfordch1,Utah
yorokobi,Utah
mickknutson,Utah
smartystreets,Utah
Yaksh36,Utah
Legoclones,Utah
allan-stewart,Utah
strikewalker,Utah
jvkoebbe,Utah
tonydisera,Utah
tarikguney,Utah
hdashnow,Utah
bmidgley,Utah
vgupta123,Utah
ALires,Utah
nainoa,Utah
thiahuff,Utah
jackman0,Utah
Ekmand,Utah
lukethompsxn,Utah
spangborn,Utah
richardkmiller,Utah
powerslacker,Utah
annblodgett,Utah
BrashFlea,Utah
mikekwright,Utah
mikelodder7,Utah
codetann,Utah
rhyous,Utah
zhangzhicheng117,Vermont
meganpaquin,Vermont
CSCrew,Vermont
TRYTIG,Vermont
AndrewSuttonDudley,Vermont
americanhanko,Vermont
li851084432,Vermont
SmartResourceLabs,Vermont
Shawn-Code-Dev,Vermont
jcourtner,Vermont
abecker93,Vermont
ywxk2,Vermont
scottlefoll,Vermont
fxl03080,Vermont
RossMetacraft,Vermont
C2StevenMiller,Vermont
stephaneK123,Vermont
hasanimal,Vermont
AddieRose,Vermont
zekefarwell,Vermont
compajl50,Vermont
cboone,Vermont
bradley-holt,Vermont
TDougy52,Vermont
rlichenstein,Vermont
juannyG,Vermont
benluce,Vermont
irishgirl0413,Vermont
ccallahan45,Vermont
grambo88,Vermont
eric-lu-VT,Vermont
jpmcga,Vermont
KayReid,Vermont
cbcafiero,Vermont
thadquimby,Vermont
patcii,Vermont
lornitzoa,Vermont
Kamikuz,Vermont
jackcary,Vermont
kerriebushway,Vermont
evanreilly,Vermont
kimberlyrabbit,Vermont
andyM-OSI,Vermont
lambda,Vermont
americ-anfootball,Vermont
MichaelTheGamer,Vermont
DanAlmstead,Vermont
eglittlebug,Vermont
connorjamesoverton,Vermont
lotoole,Vermont
mbach04,Virginia
AsianKoala,Virginia
mcguirepr89,Virginia
Voronsky,Virginia
cl33per,Virginia
tpisfil,Virginia
Jonathan-J-Choi,Virginia
BarePotato,Virginia
jonesec2,Virginia
mattheffernan,Virginia
wbarnha,Virginia
dyerlab,Virginia
TransFluids,Virginia
maytees,Virginia
troian,Virginia
TwelveBaud,Virginia
rodw,Virginia
goatsaretasty,Virginia
wilferrel,Virginia
leithia,Virginia
cwu159,Virginia
danaderp,Virginia
nstankov-bg,Virginia
ArsenioDev,Virginia
DrMark,Virginia
maikupero,Virginia
str8outtajc,Virginia
MakonnenMak,Virginia
JoinedSenses,Virginia
UVAMobileDev,Virginia
farisawan-2000,Virginia
hotei,Virginia
StappsWorld,Virginia
DreamHollow,Virginia
plgonzalezrx8,Virginia
RSStephens,Virginia
workcontrolgit,Virginia
qiangxue,Virginia
kylecox213,Virginia
jmdodd,Virginia
Saadmaghani,Virginia
burkeazbill,Virginia
Kufo2018,Virginia
PeopleToolsTechTips,Virginia
kluther,Virginia
arya-k,Virginia
epe105,Virginia
Bernard-Foster,Virginia
alecagayan,Virginia
jcaxmacher,Virginia
davidthaler,Washington
mrecachinas,Washington
Nosferican,Washington
drewhamilton,Washington
craigloewen-msft,Washington
astonbdev,Washington
brittanyrw,Washington
michelleminkoff,Washington
raddevon,Washington
Viswalahiri,Washington
courthead,Washington
zalmquist,Washington
privateducky,Washington
UrbanInstitute,Washington
debkbanerji,Washington
mathletedev,Washington
dchud,Washington
lettertwo,Washington
joshuafairchild1,Washington
nacin,Washington
GeoCenter,Washington
loic-sharma,Washington
jdromero88,Washington
edwardoughton,Washington
mattmacy,Washington
joeferraro,Washington
chinasaokolo,Washington
ryanshaw,Washington
jspeis,Washington
cemeyer,Washington
jason-conway,Washington
rheimann,Washington
yampelo,Washington
jayqi,Washington
LunarFlash,Washington
johnnypeck,Washington
jbruening,Washington
mellinoe,Washington
jeremyjbowers,Washington
cgross,Washington
dansanderson,Washington
bperez77,Washington
bb010g,Washington
EvgSkv,Washington
RookTKO,Washington
ReubenBond,Washington
lucataco,Washington
bwestergard,Washington
evaherrada,Washington
EricDahlvang,Washington
abbazabbax,West Virginia
gagana20,West Virginia
larryrj1969,West Virginia
bbdesig123,West Virginia
colenh,West Virginia
BlueChimera,West Virginia
gh0straider,West Virginia
cml00017,West Virginia
mountainmanjed,West Virginia
tkldr,West Virginia
cyberguylinux,West Virginia
Wvrobo,West Virginia
mmooney100,West Virginia
GavinW89,West Virginia
BrandyTotten,West Virginia
TimCrum1,West Virginia
rharward,West Virginia
svbfoods,West Virginia
SiordiaNIOSH,West Virginia
madisonsickles,West Virginia
TOYMAN4LIFE,West Virginia
sparksgary48,West Virginia
mkrise77,West Virginia
bcrutc01,West Virginia
patrickscottd,West Virginia
IAmADoctorYes,West Virginia
quintinradford,Wisconsin
DustinVerzal,Wisconsin
dootbin,Wisconsin
groveriffic,Wisconsin
jackklika,Wisconsin
kmmukut,Wisconsin
BadgersFanFan,Wisconsin
Waffleer,Wisconsin
mstruensee,Wisconsin
asong4211,Wisconsin
calvinchristensen96,Wisconsin
raianrith,Wisconsin
alex-s-becker-io,Wisconsin
annapoulakos,Wisconsin
miguelglrmo,Wisconsin
martindedja,Wisconsin
devinbaeten,Wisconsin
Andrew-EKrause,Wisconsin
doraemonho,Wisconsin
SimonGoring,Wisconsin
LilyLavender,Wisconsin
Cleanshooter,Wisconsin
fallow64,Wisconsin
jdsharp,Wisconsin
eagleloid,Wisconsin
VanHulleOne,Wisconsin
jbenlind,Wisconsin
soniccyclone,Wisconsin
Ferotiq,Wisconsin
Jmeyering,Wisconsin
PakrNinja,Wisconsin
dvbui,Wisconsin
michaelbeil,Wisconsin
Austin-Scott,Wisconsin
choughtaling5,Wisconsin
KenHeglund,Wisconsin
divy9881,Wisconsin
monica22schmidt,Wisconsin
Elementrat,Wisconsin
ruthvikauwm,Wisconsin
lucasgerrits,Wisconsin
mbartisan,Wisconsin
BradenEverson,Wisconsin
cori,Wisconsin
agrimpandey,Wisconsin
mfiss,Wisconsin
afbarnard,Wisconsin
SizableShrimp,Wisconsin
warren1215,Wisconsin
kbmke,Wisconsin
Vruet,Wyoming
thnkr,Wyoming
CodyFagley,Wyoming
MCProHosting,Wyoming
pbosker,Wyoming
rschultheis,Wyoming
jlschillinger,Wyoming
rgreenwood,Wyoming
HTMLCOIN,Wyoming
PAYCY-LLC,Wyoming
Regw03,Wyoming
Sedavin7326,Wyoming
anvanger,Wyoming
saastune,Wyoming
Mikey-E,Wyoming
ichaseclouds,Wyoming
volkerman,Wyoming
9piecesof8,Wyoming
brad-kalen,Wyoming
michaelschuman,Wyoming
bjones01001101,Wyoming
urban-warrior,Wyoming
greenVaultFinancial,Wyoming
levulose,Wyoming
adminsteamboatworks,Wyoming
Kljorgenson,Wyoming
EasternShoshoneTribe,Wyoming
cartooncool,Wyoming
sprintly,Wyoming
cosc2030sp21,Wyoming
tmb321,Wyoming
charlescurley,Wyoming
etechall,Wyoming
tvollick,Wyoming
HarrisPeter,Wyoming
